"id","name"
1,"Sơn Tùng"
2,"Jun Phạm"
3,"Phùng Quán"
4,"Yunan"
5,"Tô Hoài"
6,"Nhiều Tác Giả"
7,"Nguyễn Tân"
8,"Đoàn Giỏi"
9,"Nguyễn Đình Thi"
10,"Thùy Dung"
11,"Luis Sepúlveda"
12,"Tạ Huy Long"
13,"Hà Minh"
14,"Antoine de Saint-Exupéry"
15,"Andea Hirata"
16,"Luis Prats"
17,"Zuzanna Celej"
18,"Jeff Kinney"
19,"B R O Group"
20,"Dương Trung Quốc"
21,"Hiếu Minh"
22,"Huyền Trang"
23,"Antoine De Saint Exupéry"
24,"Jakob Martin Strid"
25,"Nguyên Trang"
26,"Tố Ny"
27,"Ransom Riggs"
28,"Lam Phương"
29,"Xuân Quỳnh"
30,"Russell Punter"
31,"Xavier Bonet"
32,"Đào Hải"
33,"Đào hải"
34,"Quang Toàn"
35,"Hoài Thu"
36,"Mijika"
37,"Liuzi"
38,"Rudyard Kipling"
39,"Naokata Mase"
40,"Fumiko Takeshita"
41,"Mamoru Suzuki"
42,"Hiroki Hattori"
43,"Toshio Nishimura"
44,"Gomi Taro"
45,"Yoko Sasaki"
46,"Sachi Kokaze"
47,"Akane Nishihira"
48,"Kawa"
49,"Mai Anh Đỗ"
50,"Mariko Shinju"
51,"Takako Hirono"
52,"Yu Qing"
53,"Peter H Reynolds"
54,"Michiko Egashira"
55,"Stephanie Moss"
56,"Audrey Bouquet"
57,"Fabien Öckto Lambert"
58,"Thẩm Viên"
59,"Khương Tĩnh Á"
60,"Hồ Tâm"
61,"Giản Giản Châu"
62,"Cơ Cơ"
63,"Hà Yên"
64,"Tiểu Mạch Đông Thái"
65,"Phó Trại Nam"
66,"Thư Trùng"
67,"Linda Locke"
68,"1980Edu"
69,"Phí Mai"
70,"Jayneen Sanders"
71,"Marie Tibi"
72,"Đỗ Đức"
73,"Dan Allbaugh"
74,"Anil Yap"
75,"Khánh Vân"
76,"Phạm Lê Thu Trang"
77,"Tiểu Tranh"
78,"Blue Rabbit"
79,"Wen Zhou Chuang Cai"
80,"Ke Ji You"
81,"Xian Gong Si"
82,"Cecilia Minden"
83,"Dolphin Media"
84,"Linda Crotta Brennan"
85,"Katie Marsico"
86,"Katherine Flannery"
87,"Tạ Văn Sang"
88,"TianYing"
89,"Tam Tam"
90,"Lưu Tự Long"
91,"Trung tâm Sáng tạo Thiếu nhi Mộc Đầu Nhân"
92,"Phạm Văn Hòa"
93,"Nguyễn Như Mai"
94,"Nguyễn Hoàng Tấn"
95,"Rod Campbell"
96,"Lý Huy"
97,"Vương Hiểu Nhã"
98,"Chung Úc"
99,"Sabina Colloredo"
100,"Serena Mabilia"
101,"Buke Buke"
102,"Xing Tao"
103,"Thanh Anh"
104,"Nguyễn Bích Nhã"
105,"Einstein Books"
106,"TS Gareth Moore"
107,"Pascal Prévot"
108,"Art Grootfontein"
109,"Vương Lệ Na"
110,"Phạm Tuấn"
111,"Trương Hưởng"
112,"Cung Huân"
113,"Võ Thị Mai Chi"
114,"Hồ Quốc Cường"
115,"Anna Weltmann"
116,"Paul Boston"
117,"Buke-Buke"
118,"Alex"
119,"Fujiko F Fujio"
120,"Pavla Hanáčková"
121,"Hana Mokrošová"
122,"Helena Haraštová"
123,"Elena Pokaleva"
124,"Nhếu Tác Giả"
125,"Chris Ferrie"
126,"Phùng Duy Tùng"
127,"Thu Ngân"
128,"Madeline Puckette"
129,"Federica Fragapane"
130,"Chen Xinfu"
131,"Jia Haoyang"
132,"Zhang Chen"
133,"Jiang Weibo"
134,"Yu Peng"
135,"Gao Qi"
136,"Xu Dan"
137,"Kazuhiro Abe"
138,"Guo Rurong"
139,"Bo Wocheng"
140,"Rosie Dickins"
141,"Louie Stowell"
142,"Jonathan Melmoth"
143,"Shaw Nielsen"
144,"Clint Emerson"
145,"Sai Lei"
146,"Chloe Chang"
147,"Tôn Nguyên Vĩ"
148,"Simon Holland"
149,"Rachel Firth"
150,"Ngọc Linh"
151,"DK"
152,"Molly Oldfield"
153,"Neung In Publishing Company"
154,"Lê Lam"
155,"Oh Youngseok"
156,"Lee Jongwon"
157,"Lee Dongkyu"
158,"Oh Chunnyun"
159,"Choi Eunyoung"
160,"Doni Family"
161,"Toon-Jangee"
162,"Oh Gi-Su"
163,"J. Swift"
164,"Lee Soojung"
165,"ChungBe Studios"
166,"Ahn"
167,"Hyungmo"
168,"Kim Wonsik"
169,"Team kids"
170,"Han"
171,"Nana"
172,"Ahn Hyungmo"
173,"Park Sanguk"
174,"Cho Myeongwon"
175,"Han Nana"
176,"Toonjaengi"
177,"Park Yeonah"
178,"Phạm Ngọc Điệp"
179,"Trần Ngọc Bảo Hân"
180,"Thiện Lộc"
181,"Minh Nguyệt"
182,"Chính An"
183,"B.R.O Group"
184,"Phan Thị"
185,"Nhiều tác giả"
186,"Nhóm Giáo Viên ĐHSP"
187,"Trung Kiên"
188,"Louis Ben"
189,"Quang Minh"
190,"Thành Yến"
191,"Phan Minh Đao"
192,"Lê Bích Thuỷ"
193,"Đăng Ngọc"
194,"Hải Phạm"
195,"Phan Minh Đạo"
196,"JP Moon"
197,"Minh Long"
198,"The Kiwi"
199,"Bắc Hà kids"
200,"Phạm Huy Thông"
201,"Việt Hải"
202,"Đại Mai Books"
203,"Huyền Linh"
204,"Nguyễn Thị Thanh Trinh"
205,"Nguyễn Vũ Quang"
206,"Einstein"
207,"ETS"
208,"Bảo Ngọc"
209,"Nguyễn Thị Thu Huế"
210,"Như Lê"
211,"Quỳnh Rùa"
212,"Igloo Books"
213,"Jackie Nguyễn"
214,"Chính Bình"
215,"Phạm Văn Công"
216,"Chính An Và Nhóm Giáo Viên ĐHSP"
217,"Nguyễn Bảo Minh"
218,"Lê Yến Ngọc"
219,"Hoàng Hải Vân"
220,"Trang Anh"
221,"Ngọc Diệp"
222,"Nguyễn Đức Tấn"
223,"Huỳnh Thị Kim Trang"
224,"Đậu Thị Huế"
225,"Lê Nga"
226,"Nguyễn Tương Tri"
227,"Nguyễn Văn Khang"
228,"Nguyễn Phúc Xuân Quỳnh"
229,"Trần Thị Kim Cương"
230,"Võ Thị Minh Trang"
231,"Nguyễn Đức Ninh"
232,"Nguyễn Kính Đức"
233,"Tạ Thị Hồ Dung"
234,"Trần Thị kim Cương"
235,"Tạ Hoàng Đông"
236,"Phạm Thị Kim Chi"
237,"Nguyễn Minh Thiên Hoàng"
238,"Đỗ Minh Hoàng Đức"
239,"Lê Tấn Hồng Hải"
240,"Chu Ánh Văn"
241,"Lưu Phương Thanh Bình"
242,"Huỳnh Tú Kinh"
243,"Lê Vĩnh Phúc"
244,"Lê Thị Ngọc Chi"
245,"Khúc Thành Chính"
246,"Trần Quang Vinh"
247,"Đinh Thị Xuân Dung"
248,"Đinh Thị Kim Lan"
249,"TS Phạm Văn Công"
250,"Trịnh Thu Trang"
251,"Nguyễn Thanh Trà"
252,"Tạ Hồ Thị Dung"
253,"Nguyễn Thu Phương"
254,"Nguyễn Hồng Nhung"
255,"Thùy Dương"
256,"Trịnh Cam Ly"
257,"Trần Thị Quỳnh Nga"
258,"Trần Lê Thảo Linh"
259,"Lê Thị Nguyên"
260,"Trần Đức Niềm"
261,"Hoàng Thị Kim Trang"
262,"Lê Bá Cường"
263,"Lý Khánh Hoa"
264,"Phương Đình"
265,"Bình Nguyên"
266,"Nguyễn Ngọc Lan"
267,"Nguyễn Thanh Thúy"
268,"Ngô Thị Thu Huyền"
269,"Dương Thị Hà"
270,"Tạ Hoàng Đồng"
271,"Trần Thị Hường"
272,"Đỗ Văn Tuấn"
273,"Lê Văn Thiện"
274,"Trần Hiền Lương"
275,"Phạm Chị Chính"
276,"Xuân Thị Nguyệt Hà"
277,"Đào Tiến Thi"
278,"Lê Vũ Việt Anh"
279,"Lương Thị Hiền"
280,"Tô Hoài Phong"
281,"Trần Huỳnh Thống"
282,"Nguyễn Thị Bích"
283,"Nguyễn Hoàng Ly"
284,"Đặng Tú"
285,"ThS Huỳnh Bảo Châu"
286,"Mai Quỳnh"
287,"Nguyễn Xuân Nam"
288,"Đại Lợi"
289,"Hằng Nguyễn"
290,"Hải Anh"
291,"Hoàng Thị Hà Thu"
292,"Dương Thị Hương"
293,"Bùi Văn Vinh"
294,"Thái Vân Anh"
295,"Nguyễn Thị Phương Anh"
296,"Bùi Thị Thúy"
297,"Hữu Toàn"
298,"Trí Đức"
299,"Nguyễn Văn"
300,"Phan Thị Quyên"
301,"Bùi Thị Lý Hạnh"
302,"Phạm Thị Quỳnh Như"
303,"Phạm Hồng Vương"
304,"Hải Lê"
305,"Võ Thị Hồng Loan"
306,"Bùi Quang Khải"
307,"Lưu Văn Dầu"
308,"Nguyễn Trung Kiên"
309,"Nguyễn Thành Huân"
310,"Nguyễn Văn Tâm"
311,"Nguyễn Nam Nguyên"
312,"Lighthouse Writers"
313,"Đỗ Thị Lan Anh"
314,"Nguyễn Phước Bảo Khôi"
315,"Lê Thị Hồng Minh"
316,"Trần Nữ Huyền Thanh Thủy"
317,"Nguyễn Thị Thanh Vân"
318,"Mai Lan Hương"
319,"Hà Thanh Uyên"
320,"Nguyễn Thị Thanh Tâm"
321,"ThS Nguyễn Phước Lợi"
322,"Phạm Vân Anh"
323,"Thái Nhật Phượng"
324,"Bùi Anh Trang"
325,"Nguyễn Đức Hòa"
326,"Nguyễn Đoàn Vũ"
327,"Khánh Hà"
328,"Trần Thị Tuyết Trinh"
329,"Nguyễn Nam Anh"
330,"Lê Hồng Đức"
331,"Đỗ Hoàng Hà"
332,"Lê Hoàng Nam"
333,"Đoàn Minh Châu"
334,"Đào Thị"
335,"Phạm Minh Châu"
336,"Nguyễn Thị Thanh Phúc"
337,"Thanh Lan"
338,"Nhóm Tác Giả"
339,"Lê Thị Mỹ Trinh"
340,"Nguyễn Lê Ly Na"
341,"Nguyễn Thị Hương Trầm"
342,"ThS Đào Thị Hoàng Ly"
343,"Cao Cự Giác"
344,"Phan Huy Bảo"
345,"Nguyễn Thị Thanh Mai"
346,"Võ Kim Phụng"
347,"Dương Hương"
348,"Phạm Hoàng Khánh Linh"
349,"Nguyễn Đoàn Thảo Trang"
350,"Nguyễn Thị Thuý"
351,"Vũ Thị Trang Nhung"
352,"Dung Vũ"
353,"Hà Thùy Linh"
354,"Cao Hằng"
355,"Nguyễn Thị Thủy Anh"
356,"Vũ Thị Huyền"
357,"Nguyễn Tú Trinh"
358,"Đỗ Thị Huế"
359,"Thái Quang Vinh"
360,"Trần Đăng Suyền"
361,"Trần Nho Thìn"
362,"Ngô Văn Tuần"
363,"Đoàn Mạnh Linh"
364,"Cao Ích Bằng"
365,"ThS Dương Khánh Toàn"
366,"ThS Lê Nguyễn I Pha"
367,"Liễu Phạm"
368,"Đức Tài"
369,"Dương Thị Hồng Điệp"
370,"Nguyễn Mỹ Linh"
371,"Nguyễn Hiền"
372,"Phạm Hương"
373,"Hương Lê"
374,"NGƯT Lê Minh Tâm"
375,"ThS Nguyễn Nam Nguyên"
376,"Lưu Hoằng Trí"
377,"Trình Quang Vinh"
378,"Hoàng Văn Bá"
379,"Vũ Thanh Hoa"
380,"Phạm văn Luận"
381,"PREP"
382,"Trần Thanh Hương"
383,"Hoàng Thị Hồng Nhung"
384,"Hoàng Thị Phương Thảo"
385,"Nguyễn Huyền Trang"
386,"Đàm Thu Hoài"
387,"Nguyễn Trung Nguyên"
388,"Diễn Lê"
389,"Vương Bích Ngọc"
390,"ThS Lê Vy"
391,"ThS Tạ Thanh Hiền"
392,"ThS Nguyễn Thị Thu Hà"
393,"Hoàng Việt Hưng"
394,"Lê Minh Tâm"
395,"Trình quang Vinh"
396,"Hoàng Vân Bá"
397,"Nguyễn Văn Hòa"
398,"Vũ Khắc Ngọc"
399,"Nguyễn Minh Thắng"
400,"Thiều Thị Dung"
401,"Lê Văn Tuấn"
402,"Nguyễn Thế Duy"
403,"Bùi Đức Thịnh"
404,"Hà Quang Hưng"
405,"Vũ Văn Thiện"
406,"Lương Văn Huy"
407,"Nguyễn Quang Hợp"
408,"ThS Nguyễn Văn Nho"
409,"Trần Minh Quới"
410,"Nguyễn Văn Quý"
411,"NGƯT Trần Minh Quới"
412,"Nguyễn Văn Quí"
413,"Nguyễn Anh Dũng"
414,"Trần Đức Huệ"
415,"Nguyễn Việt Dũng"
416,"Minh Huệ"
417,"Đoàn Quỳnh"
418,"Doãn Minh Cường"
419,"Nguyễn Khắc Minh"
420,"Phạm Khắc Ban"
421,"Phạm Đức Tài"
422,"Lê Hoành Phò"
423,"Trần Nam Dũng"
424,"TS Lại Tiến Minh"
425,"ThS Vũ Thanh Hòa"
426,"ThS Tạ Thị Thanh Hiền"
427,"ThS Nguyễn Việt Hà"
428,"Nguyễn Đức Hiệp"
429,"Trần Hoàng Nghiêm"
430,"Lê Cao Phan"
431,"Nguyễn Trọng Sửu"
432,"Trung Tâm Nghiên Cứu Ứng Dụng Giáo Dục"
433,"Hoàng Sư Điểu"
434,"Trần Thanh Giang"
435,"Trần Văn Oai"
436,"TS Trần Văn Lượng"
437,"Trần Văn Lượng"
438,"Nguyễn Hùng Mãnh"
439,"Đoàn Long Hải"
440,"ThS Lê Đình Nguyên"
441,"Nguyễn Văn Sang"
442,"ThS Nguyễn Phú Đồng"
443,"ThS Võ Văn Thế"
444,"Trịnh Minh Hiệp"
445,"PGS TS Nguyễn Văn Khánh"
446,"Chu Văn Biên"
447,"Phạm Thùy Giang"
448,"Cao Tiến Khoa"
449,"Trần Quang Hiệu"
450,"Phạm Đức Việt"
451,"Lại Văn Bắc"
452,"Bùi Việt Hoàng"
453,"Phạm Hùng Vương"
454,"Trần Công Minh"
455,"Lê Quỳnh Trang"
456,"Phạm Kim Oanh"
457,"Trần Văn Thanh"
458,"Trịnh Quang Cảnh"
459,"Nguyễn Văn Thương"
460,"ThS. Lê Tấn Diện"
461,"Trần Trọng Tuyền"
462,"Phạm Thị Tâm"
463,"Lê Trung Dũng"
464,"Nguyễn Trần Sa Giang"
465,"Tống Xuân Tám"
466,"Lữ Văn Tập"
467,"TS Phan Khắc Nghệ"
468,"Thịnh Văn Nam"
469,"Lữ Thị Đào"
470,"Nguyễn Thị Thu Uyên"
471,"Phan Khắc Nghệ"
472,"Nguyễn Thị Hà"
473,"Phạm Hồng Diệp"
474,"Đặng Thị Hoàng Hà"
475,"Nguyễn Thu Trang"
476,"Nguyễn Thị Huy"
477,"Đoàn Công Tương"
478,"Tăng Văn Dom"
479,"Đoàn Mỹ Hằng"
480,"Philip Steele"
481,"ThS Nguyễn Đình Đông"
482,"Hà Văn Minh"
483,"Nguyễn Thị Trang"
484,"Đặng Văn Duy"
485,"Trần Thị Thanh Xuyên"
486,"Nguyễn Thanh Mai"
487,"Trần Viết Khanh"
488,"Đinh Thị Hương"
489,"Trương Thị Minh Hằng"
490,"Trần Trung Ninh"
491,"Nguyễn Tiến Công"
492,"Phạm Đức Bình"
493,"Trần Thị Yến"
494,"Huỳnh Văn Út"
495,"Trần Văn Đô"
496,"Đào Thị Ngọc Hà"
497,"Đào Ngọc Hùng"
498,"Phan Văn Phú"
499,"Nguyễn Ngọc Ánh"
500,"Nguyễn Thanh Loan"
501,"PGSTS NGƯT Cao Cự Giác"
502,"Phan Huy Bão"
503,"Nguyễn Văn Cần"
504,"Lê Tuấn Anh"
505,"Lê Minh Quân"
506,"Nguyễn Trí Phước"
507,"Nguyễn Bình Dương"
508,"Thái Nhật Phương"
509,"Lê Thị Hồng Phúc"
510,"Nguyễn Thanh Hương"
511,"NGND Vũ Hữu Bình"
512,"Phan Văn Đức"
513,"Phan Thái Khang"
514,"Đặng Thanh Sơn"
515,"Hoàng Văn Vân"
516,"Hoàng Thị Xuân Hoa"
517,"Chu Quang Bình"
518,"Vũ Hải Hà"
519,"Hoàng Thị Hồng Hải"
520,"Kiều Thị Thu Hương"
521,"Nguyễn Thị Kim Phượng"
522,"Lê Huỳnh"
523,"Nguyễn Quý Thao"
524,"Trường Sơn"
525,"Mai Văn Hưng"
526,"Nguyễn Thế Hưng"
527,"Lê Thị Phượng"
528,"Trần Văn Thế"
529,"Nguyễn Thị Hải"
530,"Đỗ Quang Hợp"
531,"Hồ Lộc Thuận"
532,"Phạm Văn Luận"
533,"Thái Văn Anh"
534,"Nguyễn Thị Như Quỳnh"
535,"Nguyễn Thị Khuyên"
536,"Trần Hà Giang"
537,"Lê Ngọc Diên"
538,"Trần Thị Hồng Duyên"
539,"Đào Thúy Lê"
540,"Phạm Văn Trí"
541,"Vũ Đức Hiếu"
542,"Võ Qu"
543,"Nguyễn Phạm Ngọc Phượng"
544,"Ban Tổ Chức Kì Thi"
545,"Nguyễn Phước Lợi"
546,"Tiêu Thị Lan"
547,"Đoàn Thị Như Ý"
548,"Nguyễn Văn Biên"
549,"Nguyễn Thị Lâm Quỳnh"
550,"Tưởng Duy Hải"
551,"Nguyễn Thị Tố Khuyên"
552,"PGS TS Huỳnh Văn Sơn"
553,"Huỳnh Quốc Thành"
554,"Phạm Ngọc Thắm"
555,"Minh Trang"
556,"Phạm Anh Tú"
557,"Đỗ Đường Hiếu"
558,"Nguyễn Đăng Hòa"
559,"Nguyễn Đức Chí"
560,"Thạch ngọc Hà"
561,"Đặng Đức Hiền"
562,"Thảo Bảo Mi"
563,"Bộ Giáo Dục Và Đào Tạo"
564,"Lê Hoàng Dũng"
565,"Quản Lê Duy"
566,"Võ Đại Phúc"
567,"Nguyễn Thị Ngọc Quyên"
568,"Trần Ngọc"
569,"Trần Tùng"
570,"Cẩm Thị Chang Duyên"
571,"Nguyễn Thị Diệu Hà"
572,"Nguyễn Thúy Lan"
573,"GSTS Lê Phương Nga"
574,"ThS Lê Thị Mai An"
575,"ThS Nguyễn Thị Dung"
576,"Nguyễn Thị Ngọc Mai"
577,"Trần Cao Bội Ngọc"
578,"Trương Văn Ánh"
579,"Lê Anh Tuấn"
580,"Tạ Hoàng Mai Anh"
581,"Nguyễn Thị Quỳnh Mai"
582,"Nguyễn Văn Quyền"
583,"Uyển Uyển"
584,"Nguyễn Hương Ly"
585,"Nguyễn Trọng Khanh"
586,"Hoàng Đình Long"
587,"Nhữ Thị Việt Hoa"
588,"Nguyễn Thị Mai Lan"
589,"Nguyễn Dục Quang"
590,"Phạm Quang Tiệp"
591,"Nguyễn Thị Thu Hằng"
592,"Ngô Quang Quế"
593,"Nguyễn Thị Đông"
594,"Phạm Đình Bình"
595,"Nguyễn Thị Huyền"
596,"Nguyễn Hải Kiên"
597,"Nguyễn Thị Toan"
598,"Nguyễn Thị Hoàng Anh"
599,"Nguyễn Ngọc Dung"
600,"ThS Thái Vân Anh"
601,"Đỗ Thành Trung"
602,"Nguyễn Nguyệt Hồng"
603,"Vương Thu Hương"
604,"Vương Hà My"
605,"Nguyễn Hoài Như"
606,"Trịnh Hữu Lộc"
607,"Nguyễn Văn Hùng"
608,"Phạm Thị Lệ Hằng"
609,"Phạm Phương Hoa"
610,"Tống Đức Cường"
611,"Trần Thành Huế"
612,"Dương Bá Vũ"
613,"Vũ Quốc Trung"
614,"Nguyễn Văn Khánh"
615,"Trương Anh Tuấn"
616,"Nguyễn Anh Vinh"
617,"Hồ Sĩ Đàm"
618,"Đỗ Phan Thuận"
619,"Đỗ Đức Đông"
620,"Nguyễn Khánh Phương"
621,"Đinh Quang Ngọc"
622,"Đinh Thị Mai Anh"
623,"Mai Thị Bích Ngọc"
624,"Mạc Xuân Tùng"
625,"Trương Văn Minh"
626,"Trần Đức Dũng"
627,"Nguyễn Văn Thành"
628,"Nguyễn Hoàng Hậu"
629,"Nguyễn Mai Kiên"
630,"Trần Vũ Lâm"
631,"Lã Nhâm Thìn"
632,"Đỗ Ngọc Thống"
633,"Trần Văn Toàn"
634,"Bùi Minh Đức"
635,"Vũ Đình Bảy"
636,"Nguyễn Thị Thanh Hồng"
637,"Bùi Thanh Xuân"
638,"Vũ Mỹ Lan"
639,"Huỳnh Đông Hải"
640,"Nguyễn Thủy Liên"
641,"Huỳnh Ngọc Thùy Trang"
642,"Trần Thụy Thúy Trinh"
643,"Trần Thị Minh Phượng"
644,"Trịnh Quốc Anh"
645,"Nguyễn Dương Hoài Thương"
646,"Lê Huỳnh Phương Dung"
647,"Nguyễn Minh Thuyết"
648,"Trấn Mạnh Hưởng"
649,"Đặng Kim Nga"
650,"Nguyễn Thị Tố Ninh"
651,"Hoàng Hoà Bình"
652,"Nguyên Khánh Hà"
653,"Trấn Bích Thuỷ"
654,"Nguyên Minh Thuyết"
655,"Hoà Bình"
656,"Tràn Bích Thuỷ"
657,"Trần Văn Thắng"
658,"Ngô Vũ Thu Hằng"
659,"Nguyễn Thị Việt Hà"
660,"Vũ Thị Mai Hường"
661,"Trần Mạnh Hưởng"
662,"Nguyễn Thu Hiền"
663,"Trần Thị Phương"
664,"TS Đoàn Dũng Sĩ"
665,"TS Phạm Minh Phong"
666,"TS Phan Thanh Hà"
667,"ThS Nguyễn Hồng Liên"
668,"Mai Thị Phương"
669,"TS Nguyễn Thị Tường Vi"
670,"TS Phạm Quỳnh"
671,"ThS Nguyễn Thị Hồng Hạnh"
672,"TS Nguyễn Thị Vân Hương"
673,"ThS Nguyễn Hà My"
674,"TS Nguyễn Hồng Thúy"
675,"ThS Nguyễn Huyền Trang"
676,"Hà Đặng Cao Tùng"
677,"Nguyễn Hải Châu"
678,"Hoàng Thị Mai"
679,"Đỗ Đức Thái"
680,"Phạm Văn Tuyến"
681,"Nguyễn Thị My"
682,"Trần Kim Duyên"
683,"Trần Nguyễn Thụy Thoại Lan"
684,"Lê Thị Đài Trang"
685,"Lâm Như Bảo Trân"
686,"Lê Đức Long"
687,"Nguyễn Thị Thanh Xuân"
688,"Nguyễn Tấn"
689,"Virginia Evans"
690,"Jenny Dooley"
691,"Phạm Thế Long"
692,"Bùi Việt Hà"
693,"Đào Kiến Quốc"
694,"Nguyễn Nam Hải"
695,"Dương Quỳnh Nga"
696,"Trương Vô Hữu Thiên"
697,"Lê Kim Thư"
698,"Đăng Bích Việt"
699,"Nguyễn Duy Quyết"
700,"Hồ Đắc Sơn"
701,"Nguyễn Hữu Bính"
702,"Mai Thị Ngoãn"
703,"Trần Văn Vinh"
704,"Nguyễn Minh Đoan"
705,"Trần Thị Mai Phương"
706,"Đinh Gia Lê"
707,"Hoàng Minh Phúc"
708,"Đào Thị Hà"
709,"Nguyễn Thị May"
710,"Trần Văn Sáng"
711,"Đỗ Thanh Bình"
712,"Nguyễn Văn Ninh"
713,"Lê Hiến Chương"
714,"Trần Thị Lan Anh"
715,"Cao Thúy Hồng"
716,"Vũ Vạn Xuân"
717,"Trần Cao Ngọc Bội"
718,"Helen Halliwell"
719,"Bùi Văn Hồng"
720,"Lê Thị Mỹ Nga"
721,"Lê Thị Xinh"
722,"Nguyễn Văn Tùng"
723,"Phạm Thị Kim Oanh"
724,"Nguyễn Thị Thu Trang"
725,"Võ Thanh Hà"
726,"Ngô Văn Thanh"
727,"Chu Văn Vượng"
728,"Trương Thị Thùy Linh"
729,"Ngô văn Thanh"
730,"Phạm Gia Anh"
731,"Trương Triều Dương"
732,"Đoàn Thị Mỹ Hương"
733,"Lê Thông"
734,"Nguyễn Quyết Chiến"
735,"Nguyễn Trọng Đức"
736,"Lê Tấn Cường"
737,"Cấn Thị Chang Duyên"
738,"Trịnh Hồng Linh"
739,"Bùi Mạnh Hùng"
740,"Nguyễn Thị Ly Kha"
741,"Nguyễn Lương Hải Như"
742,"Vũ Minh Tâm"
743,"Nguyễn Xuân Tùng"
744,"Nguyễn Văn Quân"
745,"Nguyễn Thị Hương Giang"
746,"GS TS Lê Phương Nga"
747,"TS Thạch Thị Lan Anh"
748,"Lê Hữu Tỉnh"
749,"Lưu Thu Thuỷ"
750,"Ngô Vũ Thu Hàng"
751,"Trấn Thị Tố Oanh"
752,"Đỗ Thanh Hiên"
753,"Hoàng Thị Minh Hương"
754,"Phạm Văn Lập"
755,"Bùi Thị Việt Hà"
756,"Nguyễn Thị Quyên"
757,"Ngọc Anh"
758,"Ngọc Tuyết"
759,"Nhóm Giáo Viên ĐH Sư Phạm"
760,"Thiên Ân"
761,"Chính An & Nhóm GV ĐHSP"
762,"Trần Thị Hải Yến"
763,"PGS TS Chu Cẩm Thơ"
764,"Vân Hương"
765,"Tạp Chí Pi"
766,"Paul Nation"
767,"Cù Minh Nhật"
768,"Jonathan Marks Hilary Thompson"
769,"Karen Kearns"
770,"Võ Thị Minh Nguyệt"
771,"Trương Công Luận"
772,"Nguyễn Cửu Phúc"
773,"Nguyễn Thị Minh Nhân"
774,"Phan Đồ"
775,"Phan Đồng Châu Thủy"
776,"nhân trí"
777,"TS Nguyễn Duy Đạt chủ biên"
778,"TS Lê Ngọc Danh"
779,"TS Nguyễn Văn Thành"
780,"ThS Nguyễn Thị Mỹ Linh"
781,"ThS Ngô Ngọc Tồn"
782,"Chu Lai"
783,"Tuế Kiến"
784,"Paulo Coelho"
785,"Đặng Thùy Trâm"
786,"Fredrik Backman"
787,"José Mauro de Vasconcelos"
788,"Yoshichi Shimada"
789,"Quất Tử Bất Toan"
790,"Madeline Miller"
791,"Ocean Vuong"
792,"Jules Verne"
793,"Mộc Trầm"
794,"Bảo Ninh"
795,"Nguyễn Ngọc Thuần"
796,"Gosho Aoyama"
797,"Takahiro Okura"
798,"Shima Mizuki"
799,"Edith Nesbit"
800,"Kuroyanagi Tetsuko"
801,"Takeharu Sakurai"
802,"Higashino Keigo"
803,"Thù Vỉ"
804,"R J Palacio"
805,"Nguyễn Nhật Ánh"
806,"Phạm Lữ Ân"
807,"Lam"
808,"Thòong Dành Kể Chuyện"
809,"Châu Sa Đáy Mắt"
810,"Lily Trương"
811,"Hồng Nhung"
812,"Mỹ Hưng"
813,"Lê Minh Khuê"
814,"Hạ Mer"
815,"Kim Lân"
816,"Nguyễn Ngọc Tư"
817,"Nguyễn Bảo Trung"
818,"Nguyên Anh"
819,"Choi Kwanghuyn"
820,"Mao Mao Trùng Tiểu Thư"
821,"Đào Hoàng Diệu"
822,"Lê Thiết Cương"
823,"BS Wynn Huỳnh Trần"
824,"Miêu Công Tử"
825,"Kim Hồng Phước"
826,"Doãn Hằng"
827,"Đoàn Quý Lâm"
828,"Nguyệt Tú"
829,"Huệ Như Hạm Đạm"
830,"Vũ Bằng"
831,"Nhóm Tác Giả Truyện Nhà Ong"
832,"Mochi Ở Đây"
833,"Amy Trương"
834,"Tất Khiếu Nam"
835,"Thạch Lam"
836,"Trần Thị Thu Hà"
837,"Làn"
838,"Nam Cao"
839,"Nguyễn Quang Thiều"
840,"Phạm Duy Phước"
841,"Tim Marshall"
842,"Sơn Nam"
843,"Touko Shino"
844,"Hyuganatsu"
845,"Carlo Zen"
846,"Shinobu Shimotsuki"
847,"Asato Asato"
848,"Shirabii"
849,"I-IV"
850,"Mutsuki Watanabe"
851,"Takahisa Taira"
852,"Natsu Hyuuga"
853,"Takata"
854,"Tom Osabe"
855,"Azuri Hyuga"
856,"Saekisan"
857,"Hanekoto"
858,"Mishima Yomu"
859,"Shinkai Makoto"
860,"Koyoharu Gotouge"
861,"Aya Yajima"
862,"Iwahata Hiro"
863,"Gun_Zi"
864,"Sunsunsun"
865,"Momoco"
866,"Dopamine"
867,"Agatha Christie"
868,"Đường"
869,"Thomas Harris"
870,"Bình Sơn Quân"
871,"Arthur Conan Doyle"
872,"Sir Arthur Conan Doyle"
873,"Lưu Bát Bách"
874,"Uketsu"
875,"Cương Tuyết Ấn"
876,"G.T. Karber"
877,"Gulliams Musso"
878,"Shichiri Nakayama"
879,"Masahiro Imamura"
880,"Franz Kafka"
881,"Guillaume Musso"
882,"Hector Malot"
883,"Nikolai AOstrovsky"
884,"Jeffrey Archer"
885,"Nikolai A Ostrovsky"
886,"Trần Việt Quân"
887,"Charlotte Bronte"
888,"Alecxandr Grin"
889,"Harper Lee"
890,"Huỳnh Lý dịch"
891,"Gabriel Garcia Márquez"
892,"Hoàng Thạch Công"
893,"Edmondo De Amicis"
894,"Henryk Sienkiewicz"
895,"Jane Austen"
896,"Tào Tuyết Cần"
897,"Maxim Gorky"
898,"Ayn Rand"
899,"Thảo Trang"
900,"J.K.Rowling"
901,"Lý Lan"
902,"Doo Vandenis"
903,"J K Rowling"
904,"J.K. Rowling"
905,"Emma Hạ My"
906,"Tây Tử Tự"
907,"Lão Cổ"
908,"Dan Brown"
909,"Edgar Allan Poe"
910,"Lưu Từ Hân"
911,"Stephanie Meyer"
912,"Kahlil Gibran"
913,"Jim Kay minh họa"
914,"Hồ Chí Minh"
915,"Vũ Ngọc Phan"
916,"Hồ Xuân Hương"
917,"William Blake"
918,"Trần Đăng Khoa"
919,"Hàn Mặc Tử"
920,"Mã Giang Lân"
921,"Tố Hữu"
922,"Nguyễn Bính"
923,"Đức Thành"
924,"Phan Đạo"
925,"Xuân Diệu"
926,"Đồng Ánh Liễu"
927,"Trần Tế Xương"
928,"Nguyễn Du"
929,"Thanh Nhật Minh"
930,"Thương Thái Vi"
931,"Lâu Vũ Tình"
932,"Cố Tây Tước"
933,"Nghê Đa Hỉ"
934,"Xuân Phong Lựu Hỏa"
935,"Bạch Lạc Mai"
936,"Diệp Lạc Vô Tâm"
937,"Đinh Mặc"
938,"Thư Nghi"
939,"Đồ Dạng Tiên Sâm"
940,"Twentine"
941,"Mạn Tây"
942,"Túy Hậu Ngư Ca"
943,"Nguyễn Văn Thạc"
944,"Đặng Vương Hưng"
945,"PGS TS Trần Ngọc Mai"
946,"Đặng Kim Trâm"
947,"Trần Văn Thọ"
948,"Hoài Thanh"
949,"Hoài Chân"
950,"Văn Thành Lê"
951,"Nguyễn Ngọc Tiến"
952,"Borries Gallasch"
953,"Trình Quang Phú"
954,"Hoàng Tuệ"
955,"Nguyễn Văn Hầu"
956,"Nguyễn Huy Thiệp"
957,"Lan Khai"
958,"Vũ Khoan"
959,"Bàng Bá Lân"
960,"Hoàng Đăng Khoa"
961,"H!koro Studio"
962,"Little Rainbow"
963,"Kulzsc"
964,"Lê Đức Hùng"
965,"Mai Chi"
966,"Hà Trang (Tahtag)"
967,"Chaiyapat Tongkambunjong"
968,"Ban Biên Tập Bloom Books"
969,"Múc"
970,"@LANT"
971,"Tree"
972,"Hanh Nhan"
973,"Little Angel"
974,"t.hờ"
975,"Khôi Uyên"
976,"1980Books"
977,"BeChan"
978,"Đinh Hằng"
979,"Khải Đơn"
980,"Lê Rin"
981,"Trần Đặng Đăng Khoa"
982,"Lê Quang"
983,"Vũ Hải Trường"
984,"Trần Đình Chất"
985,"Uyên Nguyên"
986,"Cao Bảo Vy"
987,"DiLi"
988,"Nguyễn Thanh Tùng"
989,"Lê Lan Anh"
990,"Dương Thành Truyền"
991,"Jessica Bruder"
992,"Mai Đức Anh"
993,"Phan"
994,"Hồ Anh Thái"
995,"Hồ Nhật Hà"
996,"Phan Việt"
997,"Trần Thùy Linh"
998,"Na Hồ"
999,"Viện Sử học"
1000,"Ngô Tất Tố"
1001,"Vũ Trọng Phụng"
1002,"Lỗ Tấn"
1003,"Nguyễn Minh Châu"
1004,"Nguyên Hồng"
1005,"R B Bernstein"
1006,"Nguyễn Công Hoan"
1007,"Trần Chiến"
1008,"Jean-Claude Grumberg"
1009,"Đỗ Hoàng Linh"
1010,"Bảo Tàng Hồ Chí Minh"
1011,"Phạm Công Tâm"
1012,"Trương Chí Hòa"
1013,"Song Young Kwan"
1014,"Ryu Jeonghun"
1015,"Tam Thái"
1016,"Nguyễn Á"
1017,"Hélène Delforge"
1018,"Quentin Gréban"
1019,"Manuel Bauer"
1020,"Thupten Jinpa"
1021,"Bạch Nam Hải"
1022,"Nguyễn Trường Sinh"
1023,"Lương Siêu"
1024,"Sam Trạch"
1025,"ヴァン・タイン・レ"
1026,"Tưởng Lâm"
1027,"Văn Thị Mượn"
1028,"April Chu"
1029,"Kelly Pousettle"
1030,"Pierre Pratt"
1031,"Kang Cherwon"
1032,"Tống Lâm"
1033,"Nguyễn Cừ"
1034,"Mạnh Linh"
1035,"Lê Bích"
1036,"Vương Hồng Sển"
1037,"David Foenkinos"
1038,"Lê Minh Quốc"
1039,"Nguyễn Trọng Báu"
1040,"Song Hà"
1041,"Minh Phong"
1042,"Trần Trường Minh"
1043,"Hoa Sơn"
1044,"Hải Yến"
1045,"Hendrik Groen"
1046,"Trần Lỗi"
1047,"Jenny Pearson"
1048,"David O'Connell"
1049,"Trần Lỗi Và Cộng sự"
1050,"Agatha Christie Limited"
1051,"Trình Doãn Thăng"
1052,"Hồng Hà Nữ Sĩ Đoàn Thị Điểm"
1053,"Ngụy Phong Hoa"
1054,"Huỳnh Ngọc Trảng"
1055,"Betty Friedan"
1056,"Cao Văn Quyền"
1057,"Jenny Lawson"
1058,"Hồng Thanh"
1059,"Don Miguel Ruiz"
1060,"Nam Chi Bùi Thanh Kiên"
1061,"Ôn Như Lương Văn Can"
1062,"Lê Hùng"
1063,"Jake Register"
1064,"Deer Tarot"
1065,"Gia Linh"
1066,"Gia Cát"
1067,"Tiên Sắc Xám"
1068,"Duy Trinh"
1069,"Bảo Quân"
1070,"Jonathan Auxier"
1071,"Benjamin Alire Sáenz"
1072,"Đoàn Phương Huyền"
1073,"Nguyễn Thị Châu Giang"
1074,"Nguyễn Thu Thuỷ"
1075,"Nguyễn Đình Tú"
1076,"Kang Ah"
1077,"Đạo Quang"
1078,"Quỳnh Lưu"
1079,"Chu Ân"
1080,"Lê Trọng Nghĩa"
1081,"Nguyễn Phước Minh Mẫn"
1082,"Baird T Spalding"
1083,"Tớ Là Mây"
1084,"Khaled Hosseini"
1085,"Gege Akutami"
1086,"Yuji Horii"
1087,"Riku Sanjo"
1088,"Koji Inada"
1089,"Norihiro Yagi"
1090,"Muneyuki Kaneshiro"
1091,"Yusuke Nomura"
1092,"Kazuhiro Fujita"
1093,"Tezuka Osamu"
1094,"One"
1095,"Yusuke Murata"
1096,"Chieko Hosokawa"
1097,"Fūmin"
1098,"Aida Iro"
1099,"Saka Mikami"
1100,"Kyoko Hikawa"
1101,"Katarina"
1102,"Ryosuke Fuji"
1103,"Reiko Shimizu"
1104,"Yasunori Okada"
1105,"Takahiro ARAI"
1106,"Yoshito Usui"
1107,"Takata Mirei"
1108,"UY Studio"
1109,"Mirei Takata"
1110,"Eiichiro Oda"
1111,"Akira Toriyama"
1112,"Toyotarou"
1113,"Masashi Kishimoto"
1114,"ONO Eriko"
1115,"Hidenori Kusaka"
1116,"Satoshi Yamamoto"
1117,"Kosaku Anakubo"
1118,"Seimaru Amagi"
1119,"Fumiya Sato"
1120,"Youzaburou Kanari"
1121,"Lê Linh"
1122,"Dubu (Redice Studio)"
1123,"Chugong"
1124,"H-Goon"
1125,"Hands2"
1126,"Gao Yan"
1127,"Thân Thân Khuẩn"
1128,"Nhất Uyển Chúc"
1129,"Bố Lãng Ni"
1130,"Khuyển Nhất"
1131,"Gene"
1132,"Mặc Phi"
1133,"A Nam"
1134,"Thỏ Ngốc"
1135,"Tiếu Giang Nam"
1136,"Lộ Nhất Tâm"
1137,"Tiểu Giang Nam"
1138,"Everett Christopher Shea"
1139,"Cát Băng"
1140,"Truyền Kỳ"
1141,"Tâm Truyền Kỳ"
1142,"Robert Kirkman"
1143,"René Goscinny"
1144,"Albert Uderzo"
1145,"Hae Min"
1146,"Chase Hill"
1147,"Scott Sharp"
1148,"M. Scott Peck"
1149,"Lý Thượng Long"
1150,"Thanh Hương"
1151,"James Clear"
1152,"Marshall B. Rosenberg"
1153,"Ph.D"
1154,"Thibaut Meurisse"
1155,"Trác Nhã"
1156,"TS M. Scott Peck"
1157,"Joseph Murphyc"
1158,"Viktor E Frankl"
1159,"Âm Hồng Tín"
1160,"Lý Vĩ"
1161,"Giản Tư Trung"
1162,"Mihaly Csikszentmihalyi"
1163,"Minh Niệm"
1164,"Rhowa Byrne"
1165,"Hạ Thiên"
1166,"Robert Greene"
1167,"Tiến Sỹ Marilee Adams"
1168,"Kevin Simler"
1169,"Robin Hason"
1170,"Carl Gustav Jung"
1171,"Morgan Housel"
1172,"Happy An"
1173,"Takashi Okada"
1174,"Từ Thính Phong"
1175,"Bloom"
1176,"David R Hawkins"
1177,"Jo Hemmings"
1178,"Mauro F. Guillén"
1179,"Alfred Adler"
1180,"Shane Parrish"
1181,"Rhiannon Beaubien"
1182,"Wladislaw Jachtchenko"
1183,"Kishimi Ichiro"
1184,"Koga Fumitake"
1185,"Carol S Dweck"
1186,"Lê Thị Minh Tâm"
1187,"Cao Minh"
1188,"Michael Sandel"
1189,"Dale Carnegie"
1190,"Tiêu Vệ"
1191,"Lê Tâm"
1192,"Thương Lãng"
1193,"Moon Ju-Jeong"
1194,"Yoon Eui-Seok"
1195,"Xie Qi Jun"
1196,"Yinyin"
1197,"Trương Cần"
1198,"Violeta Basic"
1199,"Đào Xuân Ni"
1200,"Lê quang"
1201,"Hiểu Linh Đinh Đang"
1202,"Đào Nhiên Nhiên"
1203,"Ngô Quỳnh Trang"
1204,"Chu Nam Chiếu"
1205,"Tôn Vân Hiểu"
1206,"Phan Đăng"
1207,"Jack Canfield"
1208,"Mark Victor Hansen"
1209,"First News"
1210,"Amy Newmark"
1211,"Kimberly Kirberger"
1212,"Lưu Tố Bình"
1213,"BS Đỗ Hồng Ngọc"
1214,"Khangser Rinpoche"
1215,"Inner Space"
1216,"Covent Garden"
1217,"Nguyễn Thị Vy Khanh"
1218,"Tuệ Minh"
1219,"Đỗ Hồng Ngọc"
1220,"Liu Yong"
1221,"Richard Paul"
1222,"Linda Elder"
1223,"Trung Phương"
1224,"Mộng Chi"
1225,"Đặng Xuân Điều"
1226,"Trần Thị Hằng Mơ"
1227,"Phan Thị Minh Châu"
1228,"Malcom Mann"
1229,"Steve Taylore-Knowles"
1230,"Minh Vân"
1231,"Thiên Phú"
1232,"Malcolm Mann"
1233,"Andrew Betsis"
1234,"Lawrence Mamas"
1235,"Thomas Booth"
1236,"Language Publishing Editorial"
1237,"Nguyễn Quốc Hùng"
1238,"Collins"
1239,"Potjanee Muangsilapasart"
1240,"Lê Oanh"
1241,"Kaplan Test Prep"
1242,"Ban Biên tập MIS"
1243,"Đại Mai Kids"
1244,"Runkids"
1245,"MIS Editorial Team"
1246,"Hoàng Văn"
1247,"Hoàng Nguyên"
1248,"Oxford University Press"
1249,"Tim Ward"
1250,"Minh Khuê"
1251,"Nguyễn Cảnh Luân"
1252,"Cambridge"
1253,"Dr Lin Lougheed"
1254,"Fiona Aish"
1255,"Jo Tomlinson"
1256,"Els Van Geyte"
1257,"Li Ya Bin"
1258,"Zhang Juan"
1259,"Bùi Hồng Linh"
1260,"Hackers"
1261,"Anneli Williams"
1262,"Jane Short"
1263,"Lê Thu Hà"
1264,"New Channel International Education Group"
1265,"Kirk Kenny"
1266,"Hoàng Võ Bích Phương"
1267,"Elizabeth Marsden"
1268,"Sarah Chapman"
1269,"Lê Đình Lực"
1270,"Hà Đặng Như Quỳnh"
1271,"Mike's"
1272,"Mary Albright"
1273,"Garrett Byrne"
1274,"Mary Chadwick"
1275,"Sam Robinson"
1276,"David Cho"
1277,"Anne Taylor"
1278,"YBM Toeic R&D"
1279,"Sophie Phan"
1280,"Peggy Anderson"
1281,"Mary Katherine Chadwick"
1282,"Nancie Mckinnon"
1283,"Garrett"
1284,"Kim Soyeong"
1285,"Park Won"
1286,"Lee Yun U"
1287,"Lori"
1288,"Compass"
1289,"Park Hye Young"
1290,"Jeon Ji Won"
1291,"Tuyết Anh"
1292,"Minh Thư"
1293,"Tommy"
1294,"Yukihiro Tsukada"
1295,"Tổng Hợp TPHCM"
1296,"Nguyễn Thị Xuân Quỳnh"
1297,"Bino Chém Tiếng Anh"
1298,"Patra Patphureerat"
1299,"Josephine Lin"
1300,"Trần Trinh Tường"
1301,"Phan Đại Dương"
1302,"The Wanderers"
1303,"Raymond Tsai"
1304,"Paul Hines"
1305,"Brian Foden"
1306,"Matthew Hill"
1307,"Huy Khang"
1308,"Nguyễn Thành Yến"
1309,"Đức Tín"
1310,"Quỳnh Vũ"
1311,"Nguyễn Trung Tánh"
1312,"Kim Tea Yoon"
1313,"Hoàng Thanh"
1314,"The Windy"
1315,"Kevin Kang"
1316,"Hanna Byun"
1317,"Will Capel"
1318,"Jamie Flockhart"
1319,"Sue Robbins"
1320,"Tuấn Kiệt"
1321,"Justin Grosslight"
1322,"Ruth Gairns"
1323,"Stuart Redman"
1324,"Phương Dung"
1325,"Lê Văn Hùng"
1326,"Elke Huppertz"
1327,"Richie Hahn"
1328,"Adam Worcester"
1329,"Lark Bowerman"
1330,"Eric Williamson"
1331,"New Oriental Education"
1332,"Technology Group"
1333,"Duy Quang"
1334,"Đức Long"
1335,"E2K"
1336,"Jasmine C. Swaney"
1337,"Monika No. Kushwaha"
1338,"Christine F. Houck"
1339,"Malcome Mann"
1340,"Trần Thủy Tiên"
1341,"Lê Huy Lâm"
1342,"Trương Hoàng Duy"
1343,"La Trường Duy"
1344,"Huỳnh Thành Công"
1345,"Nguyễn Đại"
1346,"Lưu Ngọc Nam"
1347,"Vũ Thị Lê Vy"
1348,"Trần Thị Thu Hương"
1349,"Thiên Phúc"
1350,"Hoàng Ngân"
1351,"Linh Chi"
1352,"Đỗ Nhung"
1353,"Thu Hương"
1354,"Đức Nam"
1355,"Bảo Hân"
1356,"Huyền Windy"
1357,"EVRT Studios"
1358,"Kiều Giang"
1359,"Milokids"
1360,"Anh Nhiên"
1361,"Ths Tuyết Anh"
1362,"Louis Lemieux"
1363,"Laura"
1364,"Ian Badger"
1365,"Khương Lệ Bình"
1366,"Vương Phương"
1367,"Vương Phong"
1368,"Lưu Lệ Bình"
1369,"Khương Lệ bình"
1370,"Vu Diểu"
1371,"Lý Lâm"
1372,"Tô Anh Hà"
1373,"Kim Phi Phi"
1374,"Vương Lôi"
1375,"Lỗ Giang"
1376,"Lưu Sướng"
1377,"Đổng Chính"
1378,"Trương Quân"
1379,"Thái Nam"
1380,"Mã Tiễn Phi"
1381,"Hoàng Hồng Nhung"
1382,"Sasaki Hitoko"
1383,"Matsumoto Noriko"
1384,"Japan Foundation"
1385,"Miki Jun"
1386,"Ooi Kensuke"
1387,"Trường Nhật ngữ Quốc tế KCP"
1388,"Tri Thức Việt"
1389,"SASAKI HITOKO & MATSUMOTO NORIKO"
1390,"Arc Academy"
1391,"Jim Glesson"
1392,"The Japan Foundation"
1393,"Makino Akiko"
1394,"Sawada Sachiko"
1395,"Shigekawa Akemi"
1396,"Tanaka Yone"
1397,"Mizuno Mariko"
1398,"Ban Biên Tập ASK"
1399,"Nakamura Noriko"
1400,"Tashiro Hitomi"
1401,"Hajikano Are"
1402,"Ooki Rie"
1403,"The Changmi"
1404,"Trung Tâm Hàn Ngữ Seoul"
1405,"Ahn Seol Hee"
1406,"Min Jin Young"
1407,"Kim Min Sung"
1408,"Ahn Jean Myung"
1409,"Lee Kyung Ah"
1410,"Han Hoo Young"
1411,"Cho Hang Rok"
1412,"Lee Mi Hye"
1413,"Lê Đăng Hoan"
1414,"Lê Thị Thu Giang"
1415,"Đỗ Ngọc Luyến"
1416,"Lương Nguyễn Thanh Trang"
1417,"Ahn Yongjun"
1418,"Trường Hàn Ngữ Việt Hàn Kanata"
1419,"Lê Huy Khoa"
1420,"Lê Hữu Nhân"
1421,"Kim Kwang Sik"
1422,"ThS Đỗ Thanh"
1423,"MA Nguyễn Hoàng Thảo Ly"
1424,"Tập Thể Giáo Viên 123vietnamese"
1425,"Chu Thị Hương Quỳnh"
1426,"Tập thể Giáo Viên 123VIETNAMESE"
1427,"Tập Thể Giáo viên 123Vietnamese"
1428,"Tô Cẩm Duy"
1429,"Nguyễn Thế Dương"
1430,"Phạm Thị Hương Quỳnh"
1431,"Trần Hương Thục"
1432,"Lê Thị Hiệp"
1433,"Hữu Đạt"
1434,"Lê Thị Nhường"
1435,"Dana Healy"
1436,"Thế Anh"
1437,"Phan Văn Giưỡng"
1438,"Vương Thị Hoa Hồng"
1439,"Đoàn Thiện Thuật"
1440,"Tập Thể Giáo Viên 123Vietnamese"
1441,"Tuấn Kiệt"
1442,"TS Nguyễn Thị Kim Dung"
1443,"Trịnh Thế Thắng"
1444,"Quang Vinh"
1445,"Na Rin"
1446,"Bảo Trang"
1447,"Trần Minh Nhật"
1448,"TS. Nguyễn Thị Thùy Châu"
1449,"ThS Trần Bích Trăm"
1450,"Mai Khánh Huyền"
1451,"Phó Đức Hồng Tâm"
1452,"Nguyễn Thị Lệ Quyên"
1453,"Nhâm Thị Vân Anh"
1454,"Nguyễn Bích Ngọc"
1455,"Đỗ Thị Hồng Nhung"
1456,"ThS. Trần Bích Trăm"
1457,"Nguyễn Hoàng Vĩnh Lộc"
1458,"Nguyễn Lưu Bảo Đoan"
1459,"PONS"
1460,"Dương Đình Bá"
1461,"Thạc sĩ Nguyễn Văn Tuấn"
1462,"Trương Văn Hùng"
1463,"Lê Minh Cẩn"
1464,"Đình Hùng"
1465,"ThS Nguyễn Văn Tuấn"
1466,"Phan Kim Khánh Duy"
1467,"Nguyễn Văn Tuấn"
1468,"Laurent Hermeline"
1469,"Ánh Nga"
1470,"Nguyễn Thức Thành Tín"
1471,"Vũ Triết Minh"
1472,"Viên Thế Khánh Toàn"
1473,"Phạm Song Hoàng Phúc"
1474,"Thierry Gallier"
1475,"E1Velyne Siréjols"
1476,"Dominique Renaud"
1477,"Odile Grand"
1478,"Clément"
1479,"Odile Grand Clément"
1480,"Nguyễn Đức Thành"
1481,"Lê Ngọc Báu"
1482,"Đặng Ngọc Như Quỳnh"
1483,"Phạm Thúy Duyên"
1484,"StarKid"
1485,"George S Clason"
1486,"Chung Ju Yung"
1487,"Hirata Haruka"
1488,"John Perkins"
1489,"Jim Collins"
1490,"Dan Nicholson"
1491,"Napoleon Hill"
1492,"Howard Schultz"
1493,"Dori Jones Yang"
1494,"Avinash K. Dixit"
1495,"Barry J. Nalebuff"
1496,"Phil Knight"
1497,"Robert Maurer"
1498,"Peter Lynch"
1499,"John Rothchild"
1500,"Greg Dinkin"
1501,"Patrick Bet-David"
1502,"JL Collins"
1503,"Malcolm Gladwel"
1504,"Robert G Hagstrom"
1505,"Mustafa Suleyman"
1506,"Dung Lợi"
1507,"Adam Grant"
1508,"George Samuel Clason"
1509,"Rich DeVos"
1510,"Nikkei Design"
1511,"Hoàng Nam Tiến"
1512,"T Harv Eker"
1513,"Jason Barron"
1514,"MBA"
1515,"Chu Vân"
1516,"Robin Sharma"
1517,"Michael Watkins"
1518,"John Doerr"
1519,"Donald J Trump"
1520,"Tony Schartz"
1521,"Geshe Michael Roach"
1522,"Lama Christie McNally"
1523,"Michael Gordon"
1524,"Chris McChesney"
1525,"Sean Covey"
1526,"Jim Huling"
1527,"Phan Văn Trường"
1528,"Jacob Morgan"
1529,"W Chan Kim"
1530,"Ken Blanchard"
1531,"Ph D Spencer Johnson"
1532,"M D"
1533,"David Clark"
1534,"Mary Buffett"
1535,"Bill George"
1536,"Bernard Marr"
1537,"Rasmus Hougaard"
1538,"Jacqueline Carter"
1539,"Edgar H Schein"
1540,"Peter Schein"
1541,"Grant Cardone"
1542,"Paul R. Murphy"
1543,"Jr."
1544,"A. Michael Knemeyer"
1545,"Og Mandino"
1546,"Al Ries"
1547,"Jack Trout"
1548,"Philip Kotler"
1549,"Hermawan Kartajaya"
1550,"Iwan Setiawan"
1551,"Russell Brunson"
1552,"Jack Tourt"
1553,"Khôi"
1554,"Vương Kiến Tứ"
1555,"Phil Barden"
1556,"Huỳnh Vĩnh Sơn"
1557,"Seth Godin"
1558,"Victor O Schwab"
1559,"Trịnh Minh Thảo"
1560,"Neil Rackham"
1561,"Ron Kaufman"
1562,"Brian Tracy"
1563,"Joseph Sugarman"
1564,"Linh Phan"
1565,"Andy Sernovitz"
1566,"Ecoblader"
1567,"Nguyễn Tiến Quốc"
1568,"Luân Đức Đại"
1569,"Robert T Kiyosaki"
1570,"Peter Thiel"
1571,"Blake Masters"
1572,"Sharon L Lechter"
1573,"Burton G Malkiel"
1574,"Duncan Bannatyne"
1575,"Eric Ries"
1576,"Sean Wise"
1577,"Brad Feld"
1578,"Michelle Hung"
1579,"Lê Chí Linh"
1580,"Patrick J McGinnis"
1581,"Bill Aulet"
1582,"Ash Ali"
1583,"Hasan Kubba"
1584,"Angela Huyue Zhang 张湖月"
1585,"John Fleming"
1586,"Kim Kiyosaki"
1587,"Peter D Schiff"
1588,"Andrew J Schiff"
1589,"Daron Acemoglu"
1590,"James A. Robinson"
1591,"Charles Wheelan"
1592,"Song Hong Bing"
1593,"Chris Miller"
1594,"Abhijit V. Banerjee"
1595,"Esther Duflo"
1596,"James Rickards"
1597,"Nassim Nicholas Taleb"
1598,"David E Sanger"
1599,"Ha Joon Chang"
1600,"Mark Thornton"
1601,"Linda Yueh"
1602,"Ajay Agrawal"
1603,"Joshua Gans"
1604,"Avi Goldfarb"
1605,"Melanie Swan"
1606,"Thomas Armstrong"
1607,"Paul Krugman"
1608,"Robin Wells"
1609,"David L. Rogers"
1610,"Wiebke Antonia Rabe"
1611,"Mike Michalowicz"
1612,"Yuen Yuen Ang"
1613,"Philip A. Fisher"
1614,"Cris Doloc"
1615,"Jonathan Spall"
1616,"Lưu Đường Hâm"
1617,"Cú Thông Thái"
1618,"Yuichiro Ichikawa"
1619,"William J O’Neil"
1620,"Hiroki Takeuchi"
1621,"Nguyễn Chí Thanh"
1622,"Châu Phong"
1623,"Lê Quốc Kiên"
1624,"Anthony Robbins"
1625,"Tony Robbins"
1626,"Christopher Zook"
1627,"Thảo Tạ"
1628,"Howard Marks"
1629,"George Charles Selden"
1630,"Charles B Carlson CFA"
1631,"PGS TS Đoàn Dương Hải chủ biên"
1632,"Andrew Craig"
1633,"Billy Epperhart"
1634,"Jason Zweig"
1635,"Jack D Schwager"
1636,"Lâm Minh Chánh"
1637,"David Anderson"
1638,"Dennis Sweney"
1639,"Thomas Williams"
1640,"John J Murphy"
1641,"Dan Strutzel"
1642,"The Woke Salaryman"
1643,"Ana Weber"
1644,"PGS TS Nguyễn Phú Giang"
1645,"Dawn Fotopulos"
1646,"PGS TS Nguyễn Ngọc Quang"
1647,"Ray & Jessica Higdon"
1648,"Marc Beckman"
1649,"Lisa Johnson"
1650,"Sandeep Deobhakta"
1651,"Ngô Hoàng Liên"
1652,"Toby Mathis"
1653,"Don Tapscott"
1654,"Alex Tapscott"
1655,"Brian Kelly"
1656,"Phạm Nghị Nhiên"
1657,"Nguyễn Văn Ngọc"
1658,"Si Hussain"
1659,"Stuart Warner"
1660,"Frederic S Mishkin"
1661,"L. Randall Wray"
1662,"Heske van Doornen"
1663,"Michelle R. Weise"
1664,"Thiệu Vĩ Hoa"
1665,"Nakashima Tetsuo"
1666,"Inamori Kazuo"
1667,"Kaoru Terashita"
1668,"Thái Hà Tuyển Dụng"
1669,"John Masud Parvez"
1670,"Nguyễn Thị Huyền Trang"
1671,"Đặng Huỳnh Mai Anh"
1672,"Wendy Burbridge"
1673,"Iliyana Stareva"
1674,"Phó Thủ Vĩnh"
1675,"Robert"
1676,"Barbara Mitchell"
1677,"Cornelia Gamlem"
1678,"Nguyên"
1679,"Nguyễn Ngọc Sơn"
1680,"VNHR"
1681,"Hồng Duyên"
1682,"Kathryn Bishop"
1683,"Roxanne Calder"
1684,"Trương Đan Như"
1685,"Darrell Mullis"
1686,"Judith Orloff"
1687,"Nguyễn Viết Hùng"
1688,"PGS TS Phạm Đức Cường"
1689,"PGS TS Trần Mạnh Dũng"
1690,"PGS TS Đinh Thế Hùng"
1691,"Lương Đức Cường"
1692,"Hà Thị Thúy Vân"
1693,"Vũ Thị Kim Anh"
1694,"Trần Mạnh Dũng"
1695,"Tăng Bình"
1696,"Abbooks"
1697,"Quý Lâm"
1698,"Kim Phượng"
1699,"TS Vũ Thị Kim Anh"
1700,"Kiều Mai Sơn"
1701,"Dũng Phan"
1702,"Đông A"
1703,"Nguyễn Văn Tàu"
1704,"TS Huỳnh Bá Lộc"
1705,"Diệp Xương Vĩ"
1706,"Minh Hòa"
1707,"Yuval Noah Harari"
1708,"Cao Huy Giu"
1709,"Lê Bá Dương"
1710,"Quỳnh Cư"
1711,"Đỗ Đức Hùng"
1712,"Peter Frankopan"
1713,"Tấn Tú"
1714,"Hà Văn Tấn"
1715,"Paul Doumer"
1716,"Viện Nghiên Cứu Phát Triển Phương Đông"
1717,"Bộ Nội Vụ"
1718,"Cục Văn Thư Và Lưu Trữ Nhà Nước"
1719,"Trung Tâm Lưu Trữ Quốc Gia II"
1720,"Abraham Rothberg"
1721,"Nguyễn Thái Long"
1722,"Đông Nguyễn"
1723,"Kaovjets Ngujens"
1724,"Kenneth Pomeranz"
1725,"Steven Topik"
1726,"Phạm Thị Kiều Ly"
1727,"Thích Pháp Hòa"
1728,"Sa Môn Thích Pháp Hòa"
1729,"Bible Society Vietnam (Thánh Kinh Hội Việt Nam)"
1730,"Nguyên Phong"
1731,"Thích Nhất Hạnh"
1732,"Liễu Phàm"
1733,"Tuệ Giác"
1734,"Lão Tử"
1735,"Thu Giang Nguyễn Duy Cần"
1736,"Minh Tánh Nguyễn Duy Nhiên"
1737,"Từ Quang Á"
1738,"TS Michael Newton"
1739,"Viên Liễu Phàm"
1740,"Gil Fronsdal"
1741,"Tuệ Đức"
1742,"Jochen Voigt"
1743,"Chez Picthall"
1744,"Christiane Gunzi"
1745,"Pierre Gourou"
1746,"Lưu Quân Hội"
1747,"Vương Giai"
1748,"Nguyễn Đình Tư"
1749,"Đặng Quang Quỳnh"
1750,"Nguyễn Hiến Lê"
1751,"Brian Eyler"
1752,"Nicholas Crane"
1753,"Nguyễn Doãn Minh"
1754,"Léopold Michel Cadière"
1755,"Robert D.Kaplan"
1756,"GS Lê Bá Thảo"
1757,"James Borton"
1758,"Nguyễn Quang Lập"
1759,"Nguyễn Mỹ Trà"
1760,"Đỗ Ngọc Sơn"
1761,"Nguyễn Hoàng Anh"
1762,"Tim Mả Shall"
1763,"Ngô Đức Vượng"
1764,"Anna Lembke"
1765,"Arnold G Nelson"
1766,"Jouko Kokkonen"
1767,"Vương Đào"
1768,"Jessie Inchauspé"
1769,"Võ Xuân Sơn"
1770,"Matthew Walker"
1771,"T Collin Campbell"
1772,"PhD"
1773,"Thomas M Cambpell II"
1774,"MD"
1775,"Katsusuke Serizawa"
1776,"TS David A. Sinclair"
1777,"Matthew D. Laplante"
1778,"BS Ngô Đức Hùng"
1779,"Bùi Quốc Châu"
1780,"Chip Huyen"
1781,"Pooja Lakshmin"
1782,"Thái Hồng Quang"
1783,"Trương Thìn"
1784,"Đỗ Đức Ngọc"
1785,"Dư Hạo"
1786,"Nhậm Chi Đường"
1787,"Andreas Moritz"
1788,"Anthony William"
1789,"Charlotte Gerson"
1790,"Morton Walker"
1791,"Trương Thụ Sinh"
1792,"Vương Chi Lan"
1793,"Fulo Tarot"
1794,"Ann Swanson"
1795,"Ngô Sa Thạch"
1796,"Lisa Feldman"
1797,"Arthur Edward Waite"
1798,"Pamela Colman Smith"
1799,"Modern Magic Press"
1800,"Deepak Chopra"
1801,"Menas Kafatos"
1802,"Lani Kingston"
1803,"Ian Stevenson"
1804,"Alba Ballesta González"
1805,"Heather Roan Robbins"
1806,"Heather Darwall-Smith"
1807,"Aria Gmitter"
1808,"Minerva Siegel"
1809,"Abigail Larson"
1810,"Jonathan Haidt"
1811,"Charles Darwin"
1812,"Joy Woodward"
1813,"Rebecca Boyle"
1814,"William McGuire Bryson"
1815,"Stuart Farrimond"
1816,"IIG Viet Nam"
1817,"Dịch Dương"
1818,"Phan Trách Bân"
1819,"Lý Thế Minh"
1820,"IIG Việt Nam"
1821,"Ethan Mollick"
1822,"TS. Lương Anh Vũ"
1823,"Tạ Văn Dũng"
1824,"Chen Qiufan"
1825,"Kai-Fu Lee"
1826,"Neil Dagger"
1827,"Parmy Olson"
1828,"Weilan Wenhua"
1829,"Nguyễn Văn Trung"
1830,"GS. Phạm Văn Ất"
1831,"ThS. Đỗ Văn Tuấn"
1832,"ThS. Nguyễn Hiếu Cường"
1833,"Lê Trường Thông"
1834,"Vương Cát Vỹ"
1835,"Phạm Văn Ất"
1836,"Luciano Floridi"
1837,"GS Phạm Văn Ất"
1838,"ThS Đỗ Văn Tuấn"
1839,"ThS Nguyễn Hiếu Cường"
1840,"Nguyễn Quang Vinh"
1841,"Nguyễn Thị Minh Phượng"
1842,"Liu Wen Yong"
1843,"Rose Luckin"
1844,"Karine George"
1845,"Mutlu Cukurova"
1846,"Salman Khan"
1847,"Timothy D. Walker Pasi Sahlberg"
1848,"Nhà giáo TS Nguyễn Văn Hòa và cộng sự"
1849,"Phương Quân"
1850,"Trương Hoa"
1851,"John Holt"
1852,"Terry Chew"
1853,"Hoàng Đạo Thúy"
1854,"TS Nguyễn Chí Hiếu"
1855,"Giáp Văn Dương"
1856,"Nguyên Thanh"
1857,"J. Krishnamurti"
1858,"Phan Chánh Dưỡng"
1859,"TS. Trương Thị Hiền"
1860,"Trần Trọng Kim"
1861,"Đặng Đình Phúc"
1862,"Đỗ Thận"
1863,"Barbara Oakley"
1864,"Beth Rogowsky"
1865,"Terrence J Sejnowski"
1866,"John Dewey"
1867,"Nhà giáo TS Nguyễn Văn Hòa"
1868,"Nguyễn Minh Hải"
1869,"Gitanjali Rao"
1870,"Minh Huyền"
1871,"Thanh Huyền"
1872,"Thanh HUyền"
1873,"KS Thái Hà"
1874,"Đặng Mai"
1875,"Donna Ellis"
1876,"Vũ Hồng Anh"
1877,"Nguyễn Thị Hồng"
1878,"Việt Chương"
1879,"Phúc Quyên"
1880,"Thái Hà"
1881,"Alex Frith"
1882,"Alice James"
1883,"Jerome Martin"
1884,"Neil deGrasse Tyson"
1885,"Donald Goldsmith"
1886,"Ian Ridpath"
1887,"Stephen Hawking"
1888,"Carl Sagan"
1889,"Martin Rees"
1890,"TS Lisa Kaltenegger"
1891,"Sean Carroll"
1892,"Stuart Clark"
1893,"Simon Blackburn"
1894,"James Lovelock"
1895,"Leonard Mlodinow"
1896,"Stephen Petranek"
1897,"Trịnh Xuân Thuận"
1898,"Jorge Cham"
1899,"Daniel Whiteson"
1900,"Michael Talbot"
1901,"Đặng Vũ Tuấn Sơn"
1902,"Masaru Emoto"
1903,"Lawrence M Krauss"
1904,"Tim Peake"
1905,"Bernard Haisch"
1906,"Marsha Sims"
1907,"Chani Nicholas"
1908,"Luo Changwen"
1909,"Zhang Xiaoying"
1910,"Yakov Perelman"
1911,"Richard Fitzpatrick"
1912,"Daniel Tammet"
1913,"Steven Strogatz"
1914,"Charles Seife"
1915,"Vu Huu Binh"
1916,"Trịnh Xuân Khanh"
1917,"Waldemar Pompe"
1918,"Tony Crilly"
1919,"Simon Singh"
1920,"Đỗ Minh Triết"
1921,"Edward Zaccaro"
1922,"ThS Nguyễn Thị Hiền"
1923,"Edward T White"
1924,"Francis D.K. Ching"
1925,"Antony Radford"
1926,"Amit Srivastava"
1927,"Selen Morkoc"
1928,"Paul Laseau"
1929,"Trần Hữu Quang"
1930,"Ngô Viết Nam Sơn"
1931,"Họa Sĩ Uyên Huy"
1932,"Trần Quốc Bảo"
1933,"Nguyễn Thành Trung"
1934,"Karen Lewis"
1935,"Dr Paolo Consigli"
1936,"Gerard Total"
1937,"Trần Văn Chánh"
1938,"Isabel Thomas"
1939,"Alex Paterson"
1940,"Charles Eisenstein"
1941,"Kim De Wolff"
1942,"Rina C. Faletti"
1943,"Ignacio López-Calvo"
1944,"Lê Hữu Thi"
1945,"Jeffrey Rissman"
1946,"Guillaume Pitron"
1947,"Trí Cường"
1948,"Đức Huy"
1949,"Hùng Lê"
1950,"Russel Brunson"
1951,"Trương Đức Lượng"
1952,"Đạm Phương Nữ Sử"
1953,"Urako Kanamori"
1954,"Hachun Lyonnet"
1955,"Hương Đỗ"
1956,"Hoàng Anh Tú"
1957,"Tiến sĩ Shefali Tsabary"
1958,"Doãn Kiếm Lợi"
1959,"Masami Sasaki"
1960,"Wakamatsu Aki"
1961,"TS Vũ Bích Ngọc"
1962,"Sara Imas"
1963,"Triệu Linh Linh"
1964,"Russell A. Barkley"
1965,"Tracy Hogg"
1966,"Melinda Blau"
1967,"Alicia Vu"
1968,"Lindsay C.Gibson"
1969,"Adrian Kulp"
1970,"Trương Nguyện Thành"
1971,"Nobuyoshi Hirai"
1972,"Tanith Carey"
1973,"Angharad Rudkin"
1974,"Chikara Oyano"
1975,"Tiến sĩ Dan Kindlon"
1976,"Tiến sĩ Michael Thompson"
1977,"Naoko Narita"
1978,"Nana Hatano"
1979,"Sam Smith"
1980,"Kirsteen Robson"
1981,"Aikawa Atsushi"
1982,"Igari Emiko"
1983,"Gilles Diederichs"
1984,"John Medina"
1985,"Barry Neil Kaufman"
1986,"Raun Kaufman"
1987,"Amy Morin"
1988,"Ellen Notbohm"
1989,"TS Nguyễn Thị Thu"
1990,"Bông hoa đỏ Bangson"
1991,"Little Shadow"
1992,"Kat C Wilde"
1993,"Susan Perrow"
1994,"Nishimura Noriyasu"
1995,"Vũ Thị Thu Hằng"
1996,"Nguyễn Thị Thu Huyền"
1997,"Tô Thị Hoàng Lan"
1998,"Phạm Thị Thúy"
1999,"Sophie De Mullenheim và cộng sự"
2000,"Shiomi Toshiyuki"
2001,"Phú Gia Ích"
2002,"Christina Sungaie Choi"
2003,"Peck Cho"
2004,"Craig Kessler"
2005,"TS Phạm Toàn"
2006,"BS Lâm Hiếu Minh"
2007,"Shino Maki"
2008,"Nakanawa Fumiko"
2009,"Masaaki Yatagai"
2010,"Huy Tiến"
2011,"Céline Alvarez"
2012,"TS Ross W. Greene"
2013,"Yến Tử"
2014,"Louise Boyd Cadwell"
2015,"Quỳnh Hương"
2016,"Arimoto Hidefumi"
2017,"Koshimizu Kaori"
2018,"Masanobu Takahama"
2019,"Akehashi Daiji"
2020,"Kannari Miki"
2021,"Rebecca Rolland"
2022,"Trần Hân"
2023,"Thanh Nhã"
2024,"Yukihiro Murase"
2025,"Mami Fukuchi"
2026,"Ève Herrmann"
2027,"Đỗ Thị Minh Nguyệt"
2028,"Daniel J Siegel"
2029,"Tina Payne Bryson"
2030,"Jane Nelsen"
2031,"Cheryl Erwin"
2032,"Roslyn Duffy"
2033,"Trần Thị Huế"
2034,"Marie Hélène Place"
2035,"BS Trần Thị Huyên Thảo"
2036,"Nguyễn Trí Đoàn"
2037,"Uyên Bùi"
2038,"BS Lê Ngọc Anh Thy"
2039,"Tsutsumi Chiharu"
2040,"DS Trương Minh Đạt"
2041,"BS Lê Thị Hải"
2042,"Hetty van de Rijt"
2043,"Frans Plooij"
2044,"Xaviera Plas-Plooij"
2045,"Mẹ Ong Bông"
2046,"Bubu Hương"
2047,"Vương Trung Hiếu"
2048,"Lưu Trường Vỹ"
2049,"Hachun Lyonnet (Hà Chũn)"
2050,"BS Nguyễn Hồng Thu"
2051,"Trần Thị Huyên Thảo"
2052,"Kubota Kisou"
2053,"Kubota Kayoko"
2054,"Dr Miriam Stoppard"
2055,"BS Michel Cymes"
2056,"Laure Monloubou"
2057,"BS Sĩ Minh"
2058,"Fir Forest"
2059,"BS. Nguyễn Thị Thu Hậu"
2060,"Isabelle Gambet"
2061,"Mẹ Tee"
2062,"Scott Todnem"
2063,"Vanessa Osage"
2064,"Heather Anderson"
2065,"Fay Angelo"
2066,"Rose Stewart"
2067,"Lynn Lott"
2068,"Julie Davey"
2069,"Marawa Ibrahim"
2070,"Sinem Erkas"
2071,"Thiên vũ"
2072,"Jeff Taylor"
2073,"Monika Parkinson"
2074,"Shirley Reynolds"
2075,"Trần Quân"
2076,"Từ Ninh"
2077,"Madeline Levine"
2078,"Dorothy Law Nolte"
2079,"Rachel Harris"
2080,"Terue Yamagata"
2081,"Trạch Quế Vinh"
2082,"Masato Takeuchi"
2083,"Park Hannah"
2084,"Darin"
2085,"Đỗ Hồng Ngọc"
2086,"Lily Nichols"
2087,"Ths Đỗ Thanh Huyền"
2088,"Trần Diệu Hằng"
2089,"TS Phạm Thị Thuý"
2090,"Lý Thuyết Minh"
2091,"Thu Hằng"
2092,"Song Linh"
2093,"Trương Tinh"
2094,"Để Tuệ Mẫn"
2095,"Vương Kỳ"
2096,"Bs Trần Thị Hoa"
2097,"Ngọc Chi"
2098,"Hạnh Trang"
2099,"Phạm Ngọc Thắng"
2100,"Heidi Murkoff"
2101,"Châu Nguyên"
2102,"Hán Trúc"
2103,"Amanda Rodriguez"
2104,"Bộ Giáo Dục và Đào Tạo"
2105,"Patanjali"
2106,"Athur Schopenhauer"
2107,"Milton Friedman"
2108,"Hồ Văn Phi"
2109,"Niccolò Machiavelli"
2110,"Aristotle"
2111,"Byung Chul Han"
2112,"Osho"
2113,"Shelly Kagan"
2114,"Krishnamurti"
2115,"Lưu Ngôn"
2116,"Lý Giác Minh"
2117,"Lâm Thấm"
2118,"Mai Văn Bộ"
2119,"Quách Dương"
2120,"Cao Thiểm"
2121,"Nguyễn Ngọc Điệp"
2122,"ThS NCS Tạ Đình Tuyên"
2123,"ThS NCS Nguyễn Văn Huy"
2124,"Tài Thành"
2125,"Quốc Hội"
2126,"Nguyễn Phương"
2127,"Trần Đức Tuấn"
2128,"Chủ tịch Hồ Chí Minh"
2129,"Trần Dân Tiên"
2130,"Lê Duẩn"
2131,"John Toland"
2132,"X.Y.Z"
2133,"Trần Thái Bình"
2134,"Võ Dương Thúy Ngà"
2135,"Ian Bremmer"
2136,"Nguyễn Chương"
2137,"Will Durant"
2138,"Vũ Kỳ"
2139,"Hà Minh Hồng"
2140,"Nguyễn Thanh Tuyền"
2141,"Ngô Thị Thu Hoài"
2142,"TS Nguyễn Văn Khoan"
2143,"Đinh Xuân Dũng"
2144,"Nguyễn Như Ý"
2145,"PGS TS Ngô Minh Oanh"
2146,"TS Ngô Thị Minh Hằng"
2147,"Ban Tuyên Giáo Trung Ương"
2148,"Khánh Linh"
2149,"Trần Văn Phương"
2150,"Vũ Tình"
2151,"Nguyễn Thị Thảo"
2152,"Nguyễn Thị Thanh Ngân"
2153,"Hoài Lộc"
2154,"Bùi Việt Thanh"
2155,"Rosie Hore"
2156,"Chu Trọng Huyến"
2157,"Đỗ Ca Sơn"
2158,"Karl Marx"
2159,"Friedrich Engels"
2160,"Vương Trọng"
2161,"Cloud Pillow Studio"
2162,"Trần Đình Vân"
2163,"Văn Tùng"
2164,"Xuân Sách"
2165,"Phạm Thắng"
2166,"Phạm Văn Nhân"
2167,"Bác sĩ Điinh Thiện Khanh"
2168,"Hội Đồng Đội Trung Ương"
2169,"PGS TS Nguyễn Viết Thông"
2170,"Nguyễn Thị Bình"
2171,"Ban Biên Tập Waka"
2172,"Larry Berman"
2173,"Nguyễn Chí Vịnh"
2174,"Lê Xuân Khoa"
2175,"Xuân Chi"
2176,"Paolo Bracaglia Morante"
2177,"Camillo Pisani"
2178,"Pino Dangelico"
2179,"Paul Kalanithi"
2180,"Đức Giáo Hoàng Phanxicô"
2181,"Maye Musk"
2182,"BS Huỳnh Wynh Trần"
2183,"Intimaycy Coach LyLy"
2184,"Alice Schroeder"
2185,"Paramahansan Yogananda"
2186,"Khu Di Tích Chủ Tịch Hồ Chí Minh Tại Phủ Chủ Tịch"
2187,"Đặng Văn Việt"
2188,"Rasmus Hoài Nam"
2189,"Denise Affonco"
2190,"Thiếu Tướng Hoàng Đan"
2191,"Đại Tướng Võ Nguyên Giáp"
2192,"Phạm Chí Nhân"
2193,"Robert S. McNamara"
2194,"Brian VanDemark"
2195,"Jon Balchin"
2196,"Hà Minh Đức"
2197,"Nguyễn Công Huy"
2198,"Phạm Hữu Thậm"
2199,"Trần Bạch Đằng"
2200,"Lê Văn Năm"
2201,"Nguyễn Huy Khôi"
2202,"Nguyễn Thùy Linh"
2203,"Nông Thị Trưng"
2204,"Phùng Lê"
2205,"Hoàng Hải"
2206,"Craig Mcnamara"
2207,"Antony Wild"
2208,"Richard Rhodes"
2209,"Ralph Pezzullo"
2210,"Trần Lê Nhân"
2211,"Oliver Stone"
2212,"Thanh Thủy"
2213,"Xuân Phượng"
2214,"Đặng Ngọc Long"
2215,"Haruki Murakami"
2216,"Như Hoa"
2217,"Michelle Zauner"
2218,"Tự Ngôn Lữ Quán"
2219,"Fabrice Peltier"
2220,"Nguyễn Đình Lộc"
2221,"Micheal Jackson"
2222,"Miss Universe Vietnam 2024"
2223,"Nguyễn Thanh Hà"
2224,"Quốc Bảo"
2225,"Hua Hsu"
2226,"Malcolm Croft"
2227,"Nick Mason"
2228,"Hùng Cửu Long"
2229,"Park Hee A"
2230,"Edwin Lefèvre"
2231,"Robert L. Heilbroner"
2232,"Peter Temin"
2233,"David Vines"
2234,"Bryan Burrough"
2235,"John Helyar"
2236,"James Wallace"
2237,"Jim Erickson"
2238,"TS Đỗ Thị Mỹ Hiền. TS Phạm Gặp"
2239,"PGS TS Nguyễn Trọng Văn"
2240,"Lê Hoàng Diệp Thảo"
2241,"Trần Quốc Hùng"
2242,"Nguyễn Xuân Xanh"
2243,"Võ Thị Xuân Trang"
2244,"Thương Mỗ"
2245,"Lê Duyên Hải"
2246,"Anthony B. Chan"
2247,"Clyde Prestowitz"
2248,"Bandy X Lee"
2249,"Charles P Kindleberger"
2250,"Robert Z Aliber"
2251,"Ian D Gow"
2252,"Stuart Kells"
2253,"Hamish McKenzie"
2254,"Steven Levy"
2255,"Jonathan Kaufman"
2256,"David S Landes"
2257,"Donald J. Trump"
2258,"Meredith Mclver"
2259,"Jordan Belfort"
2260,"Hubert Seipel"
2261,"William A Degregorio"
2262,"Jenny Vương"
2263,"Emmanuel Macron"
2264,"Benjamin Franklin"
2265,"Lý Quang Diệu"
2266,"Diogenes Laertius"
2267,"Francis Fukuyama"
2268,"Bradley Hope"
2269,"Justin Scheck"
2270,"Christophe Loviny"
2271,"Trần Hòang Vũ"
2272,"Lê Quýnh"
2273,"Mitchell Stephens"
2274,"Svetlana Alexievich"
2275,"Ron Chernow"
2276,"Robert Kurson"
2277,"Donald McRae"
2278,"Nishi Katsuzo"
2279,"Peter Jenson"
2280,"Sid Love"
2281,"Alex Ferguson"
2282,"Đinh Hiệp"
2283,"Đặng Hoàng"
2284,"Harry Harris"
2285,"Adharanad Finn"
2286,"Simon Kuper"
2287,"Dean Karnazes"
2288,"Mike Carson"
2289,"Pandabooks"
2290,"Nhà Báo Bảo Thắng"
2291,"Cường Vũ"
2292,"Jon Krakauer"
2293,"Mộc Qua Hoàng"
2294,"Sa Trụ Đảo"
2295,"Boyseason"
2296,"Syundei"
2297,"Kanzume Sawa"
2298,"Tsubaki Yuzu"
2299,"Kinh Kiến"
2300,"Mặc Hương Đồng Khứu"
2301,"Px"
2302,"Bilibili"
2303,"Toworu Miyata"
2304,"Natsuki Kizu"
2305,"Yamada"
2306,"Trịnh Sâm"
2307,"Patrick Moulou"
2308,"Art Mickaelian"
2309,"Robert Beer"
2310,"Scott McCloud"
2311,"Lê Chi"
2312,"Nguyễn Việt Hà"
2313,"Neil Featherstone"
2314,"Phan Cẩn Thượng"
2315,"Carol Davidson Cragoe"
2316,"James Hoffmann"
2317,"Đinh Hồng Hải"
2318,"Alain De Botton"
2319,"Paul Lewis"
2320,"Marc Tsurumaki"
2321,"David J.Lewis"
2322,"Trương Chí Hùng"
2323,"Trần Hữu Phúc Tiến"
2324,"Kim Sewon"
2325,"Tạ Đức"
2326,"Phan Kế Bính"
2327,"Tường Vân"
2328,"WOW"
2329,"Đức Nguyễn"
2330,"Dzoãn Vân"
2331,"Triệu Thị Chơi"
2332,"Yanny Đặng"
2333,"Dzoãn Vân"
2334,"Bi"
2335,"Cẩm Tuyết"
2336,"Minh Thanh"
2337,"Thanh Nguyên"
2338,"Tara Nguyễn"
2339,"Mã Lâm"
2340,"Jeeca Uy"
2341,"Vương Húc Phong"
2342,"Quỳnh Chi bs"
2343,"Nguyễn Dzoãn Cẩm Vân"
2344,"Chi Mai"
2345,"Dương Yến Nhi"
2346,"Thiên Kim"
2347,"Nhiều Nguyễn"
2348,"Ngọc Huyền"
2349,"Ngọc Hà"
2350,"Tuyết Hường"
2351,"Hoàng Thúy"
2352,"Nguyễn Thị Diệu Thảo"
2353,"Cẩm Vân"
2354,"Akiyoshi Horie"
2355,"Nguyễn Thị Minh Kiều"
2356,"BS Lê Minh"
2357,"Thôi Hiểu Lệ"
2358,"Khi Trung Dược ca gặp gỡ Thang tỷ"
2359,"Nguyễn Hữu Thụy"
2360,"Lý Ngân Hoán"
2361,"Đinh Công Bảy"
2362,"Richard Béliveau"
2363,"Denis Gingras"
2364,"Lê Minh"
2365,"TS BS Nguyễn Thị Minh Kiều"
2366,"Hồng Yến"
2367,"Julia Ferré"
2368,"Jean-Pierre Vaillant"
2369,"Lập Thành Hòa"
2370,"Lương Y Vương Thừa Ân"
2371,"Carey Avalon"
2372,"DS Bàng Cẩm"
2373,"TS Nguyễn Thu Hương"
2374,"Geeta S. Iyengar"
2375,"Lâm Trúc Linh"
2376,"Vũ Thị Thuý Bình"
2377,"Cao Nữ Hoàng Oanh"
2378,"Bích Nguyệt"
2379,"Thẩm Ninh"
2380,"Becca Anderson"
2381,"Dr Libby Weaver"
2382,"Phan Bảo Long"
2383,"Yukiyo Kashiwabara"
2384,"Hương Bùi"
2385,"Liz Williams"
2386,"Pha Lê"
2387,"Trần Bích Hà"
2388,"Nguyễn Hải"
2389,"Nguyễn Tuấn Cường"
2390,"Minh Thắng Books"
2391,"Bạch Huyết"
2392,"Dương Ngọc Dũng"
2393,"Nguyễn văn Hòa"
2394,"Thiệu Vi Hoa"
2395,"ThS Trần Quang"
2396,"Trần Lâm Tích"
2397,"Minh Đường"
2398,"Cao Hồng Minh"
2399,"Thích Minh Nghiêm"
2400,"Nguyễn Mạnh Linh"
2401,"ThS Vũ Đức Huynh"
2402,"Nguyễn Bích Hằng"
2403,"Master Nguyễn Thành Phương"
2404,"Lưu Hiệp"
2405,"Hoài Nam"
2406,"Đại Đức Thích Minh Tông"
2407,"Quang Hùng"
2408,"Thu Tuyết"
2409,"Mạnh Tường"
2410,"Minh Tân"
2411,"The Oxford Concise Dictionary"
2412,"Modern Dictionary"
2413,"Trần Mạnh Tường"
2414,"Võ Thanh PHong"
2415,"Nhật Thảo"
2416,"Hồng Vân"
2417,"The Oxford Modern English Dictionary"
2418,"Victoria Bull"
2419,"Ngọc Ánh"
2420,"Việt Fame"
2421,"Đào Đăng Phong"
2422,"Ninh Hùng"
2423,"Trần Văn Huân"
2424,"Quang Hùng - Ngọc Ánh"
2425,"Thái Xuân Đệ"
2426,"Lê Dân"
2427,"GS. Hoàng Phê"
2428,"Đăng Khoa"
2429,"Kỳ Duyên"
2430,"Kim Danh"
2431,"Bích Hằng"
2432,"Bích hằng"
2433,"Nguyễn Tôn Nhan"
2434,"Phú Văn Hẳn"
2435,"Ngôn ngữ Việt Nam"
2436,"Nguyễn Quang"
2437,"Minh Trí"
2438,"TS Nguyễn Thị Bích Hạnh"
2439,"ThS Ngô Thị Thu Hương"
2440,"Ngọc Hằng"
2441,"Tống Đại Hồng"
2442,"Ngọc Lương"
2443,"Hoàng Quỳnh"
2444,"Kamiya"
2445,"Taeko"
2446,"Hoàng Khang"
2447,"Hoàng Anh Thi"
2448,"Lê Thanh Kim"
2449,"Takeuchi Yonosuke"
2450,"Yamaguchi Kenichi"
2451,"Imai Akio"
2452,"Mijeong Mimi Kim"
2453,"Angela Lee-Smith"
2454,"Kim"
2455,"Young Kyu"
2456,"Lê Hữu Nhân"
2457,"Hoài Anh"
2458,"Mỹ Duy"
2459,"Nguyễn Thùy Dung"
2460,"Vĩnh Quyền"
2461,"Như Quỳnh"
2462,"BS Hoàng Xuân Chỉnh"
2463,"Lâm Hòa Chiếm"
2464,"Xuân Huy"
2465,"Thiều Chửu"
2466,"Vũ Văn Kính"
2467,"Khổng Đức"
2468,"Andrew Edgar"
2469,"Hân Mẫn"
2470,"Thông Thiền"
2471,"Cung Kim Tiến"
2472,"ThS Lê Huy Khoa"
2473,"ThS Võ Thụy Nhật Minh"
2474,"GS BS Trần Văn Kỳ"
2475,"Maxwell Colonna"
2476,"Dashwood"
2477,"Pham Minh Kha"
2478,"Lê Huy Phúc"
2479,"Lee Youngsub"
2480,"Supervised by Kenji Tomita"
2481,"Edited by Sanseido Co"
2482,"Ltd"
2483,"Hữu Ngọc"
2484,"BS Trần Kim Lân"
2485,"XiQua"
2486,"Nhóm Biên Soạn"
2487,"Larousse"
2488,"NHư Quỳnh"
2489,"Minh Nhật"
2490,"TS Phạm Phương Hoa"
2491,"Trương Ngọc Bích"
2492,"Ernest Van de Velde"
2493,"Ernest Van De Velde"
2494,"Lê Dũng"
2495,"ThS Đặng Thái Sơn"
2496,"ThS Cù Minh Nhật"
2497,"Hoàng Hạc"
2498,"Bùi Phan Thảo"
2499,"Thanh Hiệp"
2500,"Song Minh"
2501,"Nguyễn Huy Thắng"
2502,"Trần Chính Nghĩa"
2503,"Kamo"
2504,"Willemien Brand"
2505,"Maxime Péroz"
2506,"Walter T. Foster"
2507,"Diane Cardaci"
2508,"Takashi"
2509,"Từ Hảo"
2510,"Tạ Tiên Lâm"
2511,"Mark Và Mary Willenbrink"
2512,"Jean Arestein"
2513,"Melissa Washburn"
2514,"Jeannie Lee"
2515,"Mark Willenbrink"
2516,"Mary Willenbrink"
2517,"Huỳnh Thanh Bình"
2518,"Hồ Công Khanh"
2519,"Lê Trang"
2520,"Lulu Mayo"
2521,"Diêu Tùng Tùng"
2522,"Leo Dinh"
2523,"Katawu Kaji"
2524,"Sofi Thanhauser"
2525,"Lê Thanh Nga"
2526,"Trần Khánh An"
2527,"Đỗ Quang Tuấn Hoàng"
2528,"Mai Luân"
2529,"Bồ Đề Đạt Ma"
2530,"Swami Sitaramananda"
2531,"Ross Edgley"
2532,"Elizabeth Dalby"
2533,"TS Chris Napier"
2534,"B K S IYENGAR"
2535,"TS Phạm Văn Xẹn"
2536,"TS Nguyễn Thế Truyền"
2537,"TS Nguyễn Sĩ Hà"
2538,"Raja Yoga"
2539,"Chân Đạo Hành"
2540,"Chân Tuệ Hương"
2541,"Trần Mẫn Tuấn"
2542,"Lương Trọng Minh"
2543,"Elle"
2544,"Nhựt Hoàng"
2545,"Kee Agency"
2546,"N Gregory Mankiw"
2547,"N. Gregory Mankiw"
2548,"Bộ giáo dục và đào tạo"
2549,"Abigail Baird"
2550,"Nguyễn Hữu Nhuận"
2551,"Nguyễn Thị Bích Châm"
2552,"Lê Việt Hưng"
2553,"Lê Thị Bích Chi"
2554,"TS Nguyễn Thọ Ánh"
2555,"LS Phạm Thanh Hữu"
2556,"GS TS Hà Nam Khánh Giao"
2557,"ThS BS Nguyễn Thái Duy"
2558,"Đinh Tiên Minh"
2559,"TS Tôn Sinh Thành"
2560,"Martin Fridson"
2561,"Fernando Alvarez"
2562,"PGS TS Bùi Trung Thành"
2563,"Karen Tui Boyes"
2564,"GS TS Đặng Lương Mô"
2565,"Andrew Northedge"
2566,"Lâm Thị Mỹ Hương"
2567,"Nguyễn Việt Thi"
2568,"KS Nguyễn Việt Thái"
